,Name,ID
0,Horna L.,465
1,Martin A.,2
2,Vahaly B.,510
3,Nieminen J.,4
4,Karlovic I.,36
5,Elsner D.,673
6,Hrbaty D.,7
7,Clement A.,8
8,Burgsmuller L.,462
9,Ginepri R.,212
10,Canas G.,455
11,Rusedski G.,12
12,Reid T.,13
13,Llodra M.,9
14,Arthurs W.,5
15,Dent T.,1
16,Sanguinetti D.,6
17,Sluiter R.,11
18,Saulnier C.,10
19,Berdych T.,30
20,Dupuis A.,178
21,Mayer F.,19
22,Kiefer N.,20
23,Starace P.,307
24,Kohlschreiber P.,31
25,Kimmich M.,859
26,Calleri A.,25
27,de Chaunac S.,572
28,Sargsian S.,292
29,Enqvist T.,16
30,Rochus O.,18
31,Johansson J.,24
32,Delic A.,29
33,Lisnard J.R.,26
34,Benneteau J.,22
35,Melzer J.,17
36,Hewitt L.,28
37,Chela J.I.,27
38,Guccione C.,43
39,Luczak P.,41
40,Ancic M.,33
41,Pashanski B.,467
42,Spadea V.,15
43,Blake J.,37
44,Mathieu P.H.,44
45,Serra F.,38
46,Lorenzi P.,322
47,Carlsen K.,40
48,Hernych J.,359
49,Junaid R.,860
50,Malisse X.,21
51,Seppi A.,34
52,Hajek J.,208
53,Becker B.,53
54,Stepanek R.,23
55,Goldstein P.,46
56,del Potro J.M.,48
57,Korolev E.,311
58,Simon G.,82
59,Jones A.,42
60,Gasquet R.,47
61,Kunitsyn I.,49
62,Djokovic N.,45
63,Darcis S.,227
64,Zverev M.,54
65,Klec I.,861
66,Tsonga J.W.,55
67,Falla A.,61
68,Sela D.,215
69,Dancevic F.,57
70,Golubev A.,477
71,Sirianni J.,51
72,Russell M.,52
73,Acasuso J.,56
74,Gicquel M.,60
75,Bellucci T.,63
76,Millman J.,88
77,Dolgopolov O.,65
78,Baghdatis M.,66
79,Ball C.,67
80,Querrey S.,50
81,Monfils G.,69
82,Roddick A.,64
83,Ebden M.,68
84,Levy H.,62
85,Odesnik W.,59
86,Lopez F.,70
87,de Bakker T.,210
88,Kubot L.,73
89,Tomic B.,80
90,Giraldo S.,74
91,Matosevic M.,91
92,Kamke T.,104
93,Verdasco F.,127
94,Mannarino A.,371
95,Soderling R.,77
96,Berankis R.,75
97,Istomin D.,71
98,Berrer M.,72
99,Anderson K.,78
100,Mahut N.,93
101,Muller G.,81
102,Harrison R.,118
103,Stebe C.M.,348
104,Mitchell B.,862
105,Andreev I.,87
106,Kukushkin M.,99
107,Duckworth J.,79
108,Petzschner P.,85
109,Murray A.,39
110,Kudla D.,103
111,Dimitrov G.,89
112,Nishikori K.,83
113,Raonic M.,102
114,Cilic M.,92
115,Tursunov D.,308
116,Sijsling I.,375
117,Kuznetsov Al.,577
118,Chardy J.,94
119,Copil M.,95
120,Kokkinakis T.,98
121,Groth S.,96
122,Federer R.,97
123,Berlocq C.,373
124,Klizan M.,101
125,Johnson S.,100
126,Thiem D.,107
127,Anderson O.,863
128,Nishioka Y.,158
129,Chung H.,105
130,Pouille L.,109
131,Troicki V.,106
132,Ymer E.,239
133,Escobedo E.,497
134,Herbert P.H.,133
135,Schwartzman D.,114
136,de Minaur A.,117
137,Nadal R.,115
138,Ferrer D.,111
139,Wawrinka S.,116
140,Thompson J.,110
141,Mayer L.,331
142,Zeballos H.,119
143,Delbonis F.,390
144,Edmund K.,112
145,Polansky P.,621
146,Kyrgios N.,121
147,Mmoh M.,120
148,Hanfmann Y.,169
149,Sandgren T.,338
150,Uchiyama Y.,123
151,Struff J.L.,139
152,Popyrin A.,159
153,Kecmanovic M.,122
154,Medvedev D.,124
155,Ymer M.,151
156,Sonego L.,352
157,Fucsovics M.,131
158,Ilkel C.,132
159,Jaziri M.,337
160,Cecchinato M.,256
161,Bedene A.,128
162,Rublev A.,134
163,Arnaboldi A.,637
164,Zuk K.,864
165,Ruusuvuori E.,137
166,Caruso S.,343
167,Travaglia S.,138
168,Kotov P.,286
169,Lamasine T.,140
170,Andreev A.,141
171,Molcan A.,276
172,Kirkin E.,865
173,Albot R.,423
174,Kuhn N.,144
175,Vrbensky M.,866
176,Djere L.,130
177,Basilashvili N.,135
178,Goffin D.,90
179,Fognini F.,145
180,Bublik A.,125
181,Grenier H.,142
182,Kuzmanov D.,146
183,Berrettini M.,143
184,Kwon S.W.,147
185,Altmaier D.,171
186,Rune H.,168
187,Daniel T.,149
188,Gerasimov E.,150
189,Bonzi B.,279
190,Cerundolo J.M.,152
191,Paul T.,153
192,Mager G.,154
193,Moutet C.,126
194,Monteiro T.,148
195,Khachanov K.,155
196,Giron M.,156
197,Mcdonald M.,157
198,Safiullin R.,161
199,Draper J.,162
200,Cachin P.,420
201,Sinner J.,163
202,Shapovalov D.,164
203,Korda S.,166
204,Bautista Agut R.,165
205,O Connell C.,341
206,Van Assche L.,404
207,Baez S.,397
208,Tu L.,763
209,Machac T.,172
210,Kubler J.,173
211,Arnaldi M.,174
212,Humbert U.,176
213,Klein L.,170
214,Hijikata R.,175
215,van Lottum J.,177
216,Montanes A.,365
217,Udomchoke D.,469
218,Moya C.,181
219,Mantilla F.,182
220,Ascione T.,183
221,Srichaphan P.,179
222,Robredo T.,32
223,Schalken S.,180
224,Schuettler R.,198
225,Gambill J.M.,511
226,Tipsarevic J.,209
227,Vliegen K.,186
228,Vanek J.,575
229,Heuberger I.,188
230,Carraz G.,460
231,Garcia-Lopez G.,190
232,Mankad H.,867
233,Zib T.,192
234,Bjorkman J.,193
235,Devilder N.,194
236,Okun N.,654
237,Tabara M.,187
238,Gimelstob J.,185
239,Mello R.,360
240,Wang Y.T.,463
241,Reynolds B.,414
242,Behrend T.,197
243,Sabau R.,603
244,Ljubicic I.,199
245,Phau B.,196
246,Greul S.,370
247,Gabashvili T.,314
248,Patience O.,184
249,Nalbandian D.,372
250,Pless K.,200
251,Rastogi K.,868
252,Santoro F.,202
253,Koubek S.,201
254,Navarro-Pastor I.,558
255,Youzhny M.,203
256,Eschauer W.,204
257,Haase R.,205
258,Peya A.,556
259,Zovko L.,206
260,Schukin Y.,656
261,Kudryavtsev A.,218
262,Ram R.,207
263,Granollers-Pujol M.,211
264,Amritraj P.,195
265,Lu Y.H.,225
266,Yang T.H.,870
267,Sorensen L.,478
268,Kim K.,191
269,Bopanna R.,716
270,Devvarman S.,214
271,Lacko L.,213
272,Gremelmayr D.,319
273,Haider-Maurer A.,237
274,Dodig I.,108
275,Bhambri Y.,221
276,Roger-Vasselin E.,223
277,Ilhan M.,480
278,Machado R.,542
279,Brown D.,325
280,Kavcic B.,220
281,Kendrick R.,217
282,Robert S.,216
283,Sugita Y.,219
284,Beck K.,3
285,Riba P.,482
286,Prodon E.,872
287,Hanescu V.,224
288,Pospisil V.,235
289,Gil F.,413
290,Paire B.,222
291,Soeda G.,228
292,Almagro N.,229
293,Stebe C-M.,231
294,Rufin G.,484
295,Bautista R.,232
296,Cipolla F.,317
297,Stakhovsky S.,233
298,Bachinger M.,230
299,Smyczek T.,486
300,Vesely J.,234
301,Ramos A.,316
302,Carreno-Busta P.,240
303,Ramanathan R.,236
304,Prashanth V.,874
305,Gonzalez A.,491
306,Gojowczyk P.,241
307,Krajicek A.,243
308,Rosol L.,244
309,Gimeno-Traver D.,485
310,Fabbiano T.,246
311,Coric B.,238
312,Pavic A.,242
313,Dzumhur D.,327
314,Kovalik J.,247
315,Ruud C.,424
316,Lajovic D.,257
317,Myneni S.,875
318,Olivo R.,248
319,Dutra da Silva R.,249
320,Ramos-Vinolas A.,250
321,Donskoy E.,336
322,Tsitsipas S.,251
323,Krajinovic F.,129
324,Ali Mutawa J.M.,876
325,Pella G.,253
326,Marterer M.,255
327,Zayid M.S.,877
328,Cuevas P.,258
329,Evans D.,259
330,Garin C.,389
331,Barrere G.,387
332,Bolt A.,262
333,Auger-Aliassime F.,263
334,Carreno Busta P.,261
335,Harris L.,260
336,Nam J.S.,878
337,Etcheverry T.,429
338,Quiroz R.,266
339,Fratangelo B.,267
340,Aragone J.C.,879
341,Young D.,379
342,Harrison C.,264
343,Isner J.,270
344,Hurkacz H.,271
345,Norrie C.,268
346,Van De Zandschulp B.,273
347,Griekspoor T.,274
348,Laaksonen H.,275
349,Munar J.,278
350,Opelka R.,349
351,Cressy M.,277
352,Carballes Baena R.,280
353,Dhamne M.,880
354,Martinez P.,282
355,Karatsev A.,283
356,Mukund S.,881
357,Marozsan F.,407
358,Huesler M.A.,289
359,Gojo B.,703
360,Wong C.,883
361,Shang J.,285
362,Ofner S.,288
363,Fils A.,290
364,Tiafoe F.,269
365,Arazi H.,294
366,Henman T.,295
367,Hantschk M.,884
368,Volandri F.,304
369,Massu N.,362
370,El-Aynaoui Y.,306
371,Davydenko N.,300
372,Lee H.T.,298
373,Escude N.,297
374,Grosjean S.,296
375,Lopez M.,299
376,Johansson T.,14
377,Chiudinelli M.,301
378,Sanchez D.,452
379,Vico U.,885
380,Costa A.,302
381,Haas T.,86
382,Moodie W.,303
383,Rochus C.,309
384,Vik R.,305
385,Bracciali D.,363
386,Mirnyi M.,310
387,Luzzi F.,358
388,Ventura S.,459
389,Dorsch B.,888
390,Al-Haji A.,887
391,Hernandez O.,476
392,Koellerer D.,559
393,Maamoun K.,889
394,Bolelli S.,321
395,Gulbis E.,58
396,Marchenko I.,312
397,El-Amrani R.,628
398,Veic A.,315
399,Bubka S.,313
400,Andujar P.,330
401,Zemlja G.,320
402,Brands D.,324
403,Ramirez-Hidalgo R.,535
404,Safwat M.,323
405,Sousa J.,385
406,Przysiezny M.,488
407,Monaco J.,364
408,Kuznetsov An.,329
409,Munoz de la Nava D.,328
410,Bagnis F.,272
411,Yuksel A.,893
412,Melzer G.,333
413,Giannessi A.,527
414,de Greef A.,332
415,Jarry N.,254
416,Nagal S.,442
417,Ivashka I.,335
418,Ojeda Lara R.,334
419,Kadhe A.,894
420,Venus M.,382
421,Vukic A.,339
422,Purcell M.,342
423,Smith J.P.,593
424,Sweeny D.,344
425,Alcaraz C.,345
426,Coppejans K.,819
427,Torpegaard M.,346
428,Vilella Martinez M.,347
429,Dellien H.,506
430,Fancutt T.,895
431,Majchrzak K.,340
432,Rinderknech A.,350
433,Davidovich Fokina A.,351
434,Lehecka J.,353
435,Mccabe J.,898
436,Shevchenko A.,167
437,Musetti L.,291
438,Lapentti N.,443
439,Corretja A.,454
440,Nielsen M.,899
441,Hemmes F.,355
442,Gonzalez F.,356
443,Coria G.,357
444,Pavel A.,411
445,Ferrero J.C.,367
446,King-Turner D.,900
447,Fish M.,76
448,Jones G.D.,903
449,Levine J.,377
450,Statham J.,368
451,Lemke J.,904
452,Cervantes I.,547
453,Lammer M.,369
454,Bohli S.,744
455,Janowicz J.,415
456,Baker B.,374
457,Klahn B.,380
458,de Schepper K.,381
459,Barton M.,383
460,Sock J.,378
461,Klein B.,384
462,Fritz T.,386
463,Gombos N.,427
464,Novak D.,530
465,Gunneswaran P.,529
466,Polmans M.,388
467,O'Connell C.,907
468,Gaston H.,435
469,Tabilo A.,391
470,Zverev A.,392
471,Coria F.,393
472,Mott B.,908
473,Bourchier H.,395
474,Ferreira Silva F.,909
475,Muller A.,405
476,Harris A.,396
477,Nakashima B.,398
478,Pannu K.,911
479,Shelton B.,403
480,Wolf J.J.,401
481,Halys Q.,160
482,Eubanks C.,402
483,Brooksby J.,400
484,Lestienne C.,399
485,Michelsen A.,439
486,Ferreira W.,408
487,Verkerk M.,409
488,Kucera V.,410
489,Philippoussis M.,35
490,Bourgeois L.,912
491,Minar I.,361
492,Healey N.,412
493,Lindahl N.,821
494,Ward J.,562
495,Bogomolov Jr.A.,318
496,Struff J-L.,913
497,Sarkissian A.,416
498,Elias G.,417
499,Balazs A.,418
500,Londero J.I.,421
501,Sousa P.,394
502,Koepfer D.,422
503,Kozlov S.,425
504,Taberner C.,419
505,Tseng C.H.,809
506,Skatov T.,808
507,Gomez E.,532
508,Trungelliti M.,494
509,Wu Y.,531
510,Cerundolo F.,430
511,Otte O.,426
512,Zapata Miralles B.,503
513,Bellucci M.,914
514,Zhang Zh.,438
515,Holt B.,432
516,Seyboth Wild T.,595
517,Mochizuki S.,844
518,Diaz Acosta F.,566
519,Prizmic D.,780
520,Kypson P.,916
521,Atmane T.,834
522,Mensik J.,436
523,Kovacevic A.,437
524,Watanuki Y.,428
525,Varillas J. P.,567
526,Galan D.E.,265
527,Cobolli F.,284
528,Borges N.,406
529,Cazaux A.,440
530,Labadze I.,613
531,Golmard J.,444
532,Gaudio G.,445
533,Ulihrach B.,293
534,Safin M.,446
535,Larkham T.,917
536,Kutsenko V.,918
537,van Scheppingen D.,743
538,Vacek J.,450
539,Karanusic R.,604
540,Salzenstein J.,614
541,Martin T.,456
542,Novak J.,449
543,Weiner G.,453
544,Agassi A.,447
545,Suzuki T.,458
546,Kindlmann D.,683
547,Baccanello P.,820
548,Calatrava A.,587
549,van Gemerden M.,722
550,Zabaleta M.,461
551,Rehnquist B.,736
552,Faurel J.C.,464
553,Dlouhy L.,470
554,Marach O.,512
555,Fleishman Z.,468
556,Adaktusson J.,921
557,Snobel P.,922
558,Norman D.,466
559,Mackin A.,924
560,Kuznetsov A.,473
561,Waske A.,625
562,Smeets R.,471
563,Capdeville P.,472
564,Vassallo-Arguello M.,516
565,Warburg S.,475
566,Sergeyev I.,479
567,Daniel M.,590
568,Dabul B.,582
569,Sweeting R.,483
570,Stadler S.,697
571,Schwank E.,481
572,Nielsen F.,928
573,Jones G.,376
574,de Voest R.,522
575,Viola Mat.,929
576,Zopp J.,659
577,Reister J.,591
578,Ungur A.,658
579,Brugues-Davi A.,525
580,Saville L.,732
581,Menendez-Maceiras A.,579
582,Weintraub A.,487
583,Ito T.,84
584,Nedovyesov A.,632
585,Gonzalez M.,541
586,Souza J.,326
587,Zhang Z.,707
588,Basic M.,252
589,Estrella Burgos V.,495
590,Wu D.,826
591,Rubin N.,492
592,Jasika O.,493
593,Kravchuk K.,711
594,Pavlasek A.,708
595,Whittington A.,496
596,King K.,775
597,Kicker N.,499
598,Andreozzi G.,569
599,Molleker R.,668
600,Vanni L.,245
601,Sakharov G.,785
602,Krueger M.,584
603,Menezes J.,934
604,Barrios M.,505
605,Varillas J.P.,500
606,Ficovich J.P.,501
607,Milojevic N.,502
608,Vavassori A.,642
609,Darderi L.,504
610,Escoffier A.,935
611,Blanchet U.,936
612,Mayot H.,507
613,Llamas Ruiz P.,508
614,Kucera K.,451
615,Ivanisevic G.,619
616,Morrison J.,448
617,Armando H.,633
618,Guzman J.P.,509
619,Wessels P.,457
620,Delgado R.,513
621,Hartfield D.,515
622,Roitman S.,366
623,Evans B.,725
624,Recouderc L.,517
625,Klaasen R.,518
626,van Der Merwe I.,520
627,Alves T.,521
628,Prpic F.,846
629,Galvani S.,682
630,Fischer M.,726
631,Huta Galung J.,523
632,Teixeira M.,686
633,Olaso G.,650
634,Millot V.,490
635,Olivetti A.,526
636,Beck A.,226
637,Bemelmans R.,498
638,Maden Y.,563
639,Hemery C.,700
640,Marcora R.,528
641,Rybakov A.,942
642,Diallo G.,799
643,Svajda Z.,797
644,Mamiit C.,608
645,Aldi F.,829
646,Cuadrado C.,533
647,Marcaccio G.,534
648,Portas A.,538
649,Parada F.,944
650,Marin J.A.,536
651,di Mauro A.,589
652,Aguilar J.,946
653,Kuerten G.,354
654,Fraile G.,947
655,Brzezicki J.P.,514
656,Decoud S.,539
657,Aranguren J.M.,948
658,Podlipnik H.,939
659,Rios F.,950
660,Zampieri C.,543
661,del Bonis F.,545
662,Alund M.,546
663,Naso G.,661
664,Escobar G.,952
665,Lapentti G.,548
666,Gaio F.,549
667,Hoang A.,550
668,Celikbilek A.,136
669,Kwiatkowski T.S.,954
670,Kopriva V.,551
671,Chidekh C.,956
672,Bellier A.,741
673,Blancaneaux G.,957
674,Gamonal H.,958
675,Saretta F.,554
676,Garcia A.,189
677,Puerta M.,555
678,Cakl T.,557
679,Crugnola M.,927
680,Vinciguerra A.,728
681,Bozoljac I.,474
682,Sidorenko A.,561
683,Jelenic P.,560
684,Skugor F.,594
685,van D. Merwe I.,962
686,Marcan D.,964
687,Viola M.,568
688,Mektic N.,634
689,Pavic M.,727
690,Androic T.,966
691,Delic M.,679
692,Lazarov A.,832
693,Tepavac M.,968
694,Donski A.,969
695,Shi B.,970
696,Jung J.,564
697,Ugo Carabelli C.,565
698,Squillari F.,552
699,Blanco G.,553
700,Vicente F.,588
701,Hocevar R.,926
702,Romboli F.,971
703,Donaldson J.,113
704,Arguello F.,610
705,Arevalo M.,972
706,Rodionov J.,570
707,Broady L.,287
708,Popp A.,573
709,Bryan B.,974
710,Taino E.,975
711,Mutis O.,671
712,Bastl G.,623
713,Kutrovsky D.,576
714,King D.,578
715,Lin J.M.,978
716,Schnur B.,580
717,Rola B.,489
718,Brouwer G.,581
719,Rettenmaier T.,714
720,Wilson B.,923
721,Economidis K.,684
722,King P.,792
723,Vemic D.,627
724,Poerschke L.,981
725,Marti J.,583
726,Clezar G.,616
727,Tsitsipas P.,985
728,Krutykh O.,915
729,Shelbayh A.,660
730,Braga P.,986
731,Silva J.,987
732,Ghem A.,678
733,Witten J.,988
734,Williams R.,592
735,Quigley E.,991
736,Novikov D.,747
737,Domingues J.,615
738,Bergs Z.,663
739,Ritschard A.,596
740,Riedi L.,597
741,Knowle J.,665
742,Rodriguez B.,993
743,Mertens Y.,599
744,Ouanna J.,519
745,Kumantsov A.,996
746,Guez D.,925
747,Fonseca J.,998
748,Alves M.,999
749,Meffert D.,600
750,Meligeni Rodrigues F,992
751,Chappell N.,1001
752,Berrettini J.,602
753,Pacheco Mendez R.,1002
754,Hernandez A.,1000
755,Massa E.,586
756,Gallardo M.,1003
757,Cervenak P.,745
758,Crivoi V.,760
759,Junqueira D.,544
760,Garza D.,1005
761,Gonzalez S.,605
762,Ramirez C.,995
763,Reyes-Varela M.A.,1007
764,Gomez L.,1010
765,Barrios Vera M.T.,606
766,Lu Y.,607
767,Allegro Y.,1011
768,Minar J.,1012
769,Al-Ghareeb M.,1013
770,Al-Awadhi O.,1014
771,Ledovskikh M.,609
772,Yani M.,731
773,Zeppieri G.,441
774,Bonadio R.,611
775,Larose S.,612
776,Browne F.,1016
777,Awadhy O.,1017
778,Martin F.,1020
779,Sakamoto P.,1022
780,Lama G.,951
781,Wu T.L.,618
782,Kosakowski D.,772
783,Blanch U.,1023
784,Meligeni Alves F.,790
785,Nava E.,622
786,Wang J.,730
787,Herbert P.H,624
788,Rocha H.,1026
789,Jenkins S.,626
790,Idmbarek Y.,1029
791,Ouahab L.,630
792,Gutierrez-Ferrol S.,629
793,Ziadi M.,1027
794,Rachidi Y.,1030
795,Peliwo F.,631
796,Petrovic D.,652
797,Fornell M.,1032
798,Gensse A.,1033
799,Ahouda A.,635
800,Quinzi G.,636
801,Vatutin A.,638
802,Benchetrit E.,702
803,Diez S.,688
804,Giustino L.,639
805,Galan D.,640
806,Passaro F.,641
807,Moundir A.,1036
808,Lisnard J.,643
809,Balleret B.,644
810,Stepanek M.,645
811,Catarina L.,1024
812,Gakhov I.,646
813,Nardi L.,647
814,Haehnel J.,845
815,Stoppini A.,793
816,Salva B.,869
817,Vagnozzi S.,648
818,Farah R.,649
819,Pellegrino A.,651
820,Alvarez Varona N.,852
821,Moroni G.M.,955
822,Rincon D.,1038
823,Kratochvil M.,653
824,Boeker M.,1039
825,El-Aarej M.,1040
826,Saoudi S.,1042
827,Trujillo G.,657
828,Marrai M.,1044
829,Moraru G.,1045
830,Chvojka E.,1046
831,Pescosolido S.,712
832,Cermak F.,735
833,Djokovic M.,1018
834,Gomez-Herrera C.,1051
835,Krawietz K.,734
836,Silva F.,1052
837,Stricker D.,664
838,Topo M.,1056
839,Summerer T.,1058
840,Mertinak M.,666
841,Zimonjic N.,1059
842,Landaluce M.,1062
843,Sanchez De Luna J.,1043
844,Trinker B.,773
845,Medjedovic H.,757
846,Moraing M.,670
847,Krstin P.,669
848,Napolitano S.,710
849,Basso A.,1068
850,Serdarusic N.,768
851,Voltchkov V.,672
852,Elseneer G.,674
853,Jeanpierre J.,675
854,Kohlmann M.,676
855,Wang Y.,937
856,Popp T.,1070
857,Azzaro L.,1050
858,Dolgopolov A.,1071
859,Montcourt M.,677
860,Eitzinger R.,770
861,Mina G.,699
862,Donati M.,680
863,Couacaud E.,433
864,Bourgue M.,709
865,Nikles J.,681
866,Roca Batalla O.,1072
867,Lopez San Martin A.,1073
868,Tuksar S.,1075
869,Tenconi T.,1076
870,Eysseric J.,1077
871,Lopez-Jaen M.A.,685
872,Marrero D.,540
873,Schoorel T.,687
874,Janvier M.,1034
875,Forejtek J.,689
876,Guinard M.,690
877,Mpetshi G.,840
878,Tirante T.A.,691
879,Marray J.,693
880,Delgado J.,694
881,Ancic I.,695
882,Qureshi A.,696
883,Lipsky S.,1080
884,Dasnieres de Veigy J.,739
885,Lokoli L.,931
886,Hamou M.,1081
887,Samper-Montana J.,1082
888,de Loore J.,1084
889,Rodriguez Taverna S.,1085
890,Tseng C. H.,795
891,Kolar Z.,704
892,Lee M.,723
893,Bloomfield R.,721
894,Baker J.,705
895,Bogdanovic A.,706
896,Goodall J.,1086
897,Golding O.,1088
898,van Rijthoven T.,281
899,Childs L.,1091
900,Parmar A.,601
901,Skoch D.,1096
902,Emmrich M.,1097
903,Fleming C.,1098
904,Kirillov E.,1100
905,Corrie E.,1101
906,Cox D.,1087
907,Dustov F.,1064
908,Clarke J.,748
909,Wessels L.,761
910,Boutter J.,1063
911,Sa A.,585
912,Hilton M.,713
913,Dell'Acqua M.,715
914,Kontinen H.,717
915,Choinski J.,742
916,Galovic V.,786
917,Squire H.,1104
918,Peniston R.,718
919,Verdasco M.,719
920,Sherwood D.,720
921,Draper S.,919
922,Guccione A.,724
923,Alcaide G.,1105
924,Niland C.,1107
925,Pospisil J.,961
926,Duclos P.L.,1108
927,Masur D.,788
928,Jubb P.,1109
929,Rosset M.,598
930,Knittel B.,759
931,Puetz T.,733
932,Aragone JC,1114
933,Vicente M.,1115
934,Goransson T.,1116
935,Eleskovic E.,738
936,Ryderstedt M.,737
937,Lindell C.,740
938,Eriksson M.,1117
939,Ward A.,1118
940,Horansky F.,701
941,Shimabukuro S.,796
942,Mergea F.,1121
943,Whitehouse W.,758
944,Kern R.,1124
945,Bossel A.,1125
946,Thompson C.,1126
947,Willis M.,746
948,Madaras D.,1127
949,Misolic F.,750
950,Borg L.,751
951,Jun W.S.,771
952,Qureshi A.U.H.,752
953,Simmonds P.,1128
954,Langer N.,753
955,Marti Y.,754
956,Davydenko P.,755
957,Desein N.,1060
958,Arvidsson I.,1129
959,Soderlund C.,756
960,Trusendi W.,1135
961,Salamanca C.,1136
962,Barrientos N.,1137
963,Struvay E.,1138
964,Moeller M.,1139
965,Gray A.,749
966,Lopez Villasenor G.,997
967,Quinn E.,762
968,Matsukevitch D.,857
969,Demoliner M.,765
970,Gomez A.,766
971,Santillan A.,767
972,Torebko P.,1146
973,Ajdukovic D.,769
974,Hipfl M.,1150
975,Sandbichler A.,1151
976,O'Neal J.,1152
977,Zekic M.,794
978,Gromley C.,1156
979,Bryde T.,1157
980,Krajan Z.,776
981,di Pasquale A.,791
982,Hadad A.,777
983,Oswald P.,783
984,De Paula F.,1158
985,Baldi F.,1054
986,Neumayer L.,1160
987,Erler A.,779
988,De Jong J.,434
989,Piros Z.,781
990,Niemeyer F.,574
991,Ianni S.,782
992,Piccari F.,1164
993,Westerhof B.,1166
994,Topic J.,1167
995,Cacic N.,784
996,Dutra Da Silva D.,1170
997,Sachko V.,882
998,Casanova H.,1171
999,Fyrstenberg M.,1173
1000,Sitak A.,906
1001,Meister N.,1175
1002,Setkic A.,1049
1003,Hernandez-Fernandez J.,1176
1004,Agamenone F.,789
1005,Zhukayev B.,833
1006,Dev Varman S.,1181
1007,Villanueva G.,1183
1008,Bester P.,1184
1009,King E.,798
1010,Hippensteel K.,1190
1011,Lojda D.,1192
1012,Buchanan C.,1193
1013,Hank T.,1008
1014,Bangoura S.,1195
1015,Ketola T.,800
1016,Ram A.,801
1017,Mathieu P.,1067
1018,Gregorc L.,802
1019,Jouan R.,825
1020,Mcclune M.,803
1021,Kumar O.,804
1022,Galimberti G.,805
1023,Echagaray B.,994
1024,Moriya H.,823
1025,Authom M.,930
1026,Altamirano C.,1202
1027,Monteiro J.,1203
1028,Sarmiento R.,1204
1029,Popko D.,1065
1030,Tien L.,1205
1031,Droguet T.,810
1032,Virtanen O.,1132
1033,Wang Y. Jr,1209
1034,Iwabuchi S.,843
1035,Yu X.Y.,1210
1036,Zeng S.X.,1207
1037,Cruciat A.,812
1038,Deheart R.,983
1039,Rodrigues M.,813
1040,Reix C.,815
1041,Kohlschreiber P..,816
1042,Shane R.,1212
1043,Satral J.,817
1044,Holmgren A.,1214
1045,Kachmazov A.,828
1046,Cui J.,1216
1047,Sekulic P.,818
1048,Ionita V.,1162
1049,Si Y.M.,1219
1050,Betov S.,1222
1051,Biryukov M.,1225
1052,Elgin M.,854
1053,Burquier G.,1227
1054,Aragone J.,1145
1055,Safranek V.,932
1056,Lenz J.,1169
1057,Furness E.,1229
1058,Li Zh.,1230
1059,Savolt A.,1233
1060,Wassen R.,1234
1061,Thomann N.,1120
1062,Xu J.C.,1236
1063,Sun P.,1211
1064,Bai Y.,831
1065,Gong M.X.,1237
1066,Siriluethaiwattana P.,1238
1067,Trongcharoenchaikul W.,1239
1068,Jeong S.Y.,1240
1069,Ouyang B.,1241
1070,Shyla Y.,1242
1071,Wagh A.,1244
1072,Motomura G.,841
1073,Auckland J.,824
1074,Chen T.,1245
1075,Li Z.,933
1076,Singh S.,1247
1077,Miedler L.,1177
1078,Hong S.,1249
1079,Uchida K.,827
1080,Kondo H.,1251
1081,Ito Y.,1252
1082,Slanar M.,830
1083,Herbert P-H.,1253
1084,Niki T.,1254
1085,Zhang Ze,837
1086,Bu Y.,1256
1087,Te R.,1257
1088,Hsu Y.,811
1089,Clemens T.,835
1090,Nam H.W.,1235
1091,Oliel Y.,1260
1092,Leshem E.,838
1093,Lajal M.,839
1094,Baluda V.,1263
1095,Friberg K.,1264
1096,Hassan B.,1265
1097,Schuttler P.,1266
1098,Rieschick S.,847
1099,Zhang Ze.,1255
1100,Noguchi R.,848
1101,Shimizu Y.,1269
1102,Fish A.,1271
1103,Nedelko I.,1272
1104,Rosenholm P.,849
1105,Durasovic V.,910
1106,Maestrelli F.,1274
1107,Gruber K.,1275
1108,Youzhny A.,1276
1109,Geerts M.,1280
1110,Martineau M.,1281
1111,Valkusz M.,853
1112,Lejnieks K.,855
1113,Harris B.,856
1114,Davletshin V.,1283
1115,Robredo R.,858
1116,Vardhan V.,871
1117,Nedunchezhiyan J.,873
1118,Sultan-Khalfan A.,886
1119,de Heart R.,806
1120,Sabry S.,890
1121,Zayed M. S.,891
1122,Hossam K.,892
1123,Schoolkate T.,896
1124,Walton A.,897
1125,Jun W.,901
1126,Statham R.,902
1127,Tearney F.,905
1128,Svrcina D.,431
1129,March O.,920
1130,Widom T.,938
1131,Wolmarans F.,524
1132,Scholtz N.,940
1133,Artunedo Martinavarro A.,941
1134,Krall L.,943
1135,Friedl L.,537
1136,Mazarakis V.,945
1137,Saavedra Corvalan C.,949
1138,Velotti A.,953
1139,Miranda I.,959
1140,Bowles C.,960
1141,Mesaros K.,963
1142,Veger F.,965
1143,Lazov A.,967
1144,Chakravarthi C.,973
1145,Pecotic M.,571
1146,Lajola D.,976
1147,Strode B.,977
1148,Zayid M.,979
1149,Oudsema S.,980
1150,Britton D.,982
1151,Borvanov R.,984
1152,Galdon P.,989
1153,Molteni A.,990
1154,Gallardo Valles M.,1004
1155,Cabal J.S.,1006
1156,Patino L.,1009
1157,Nader M.,1015
1158,Mcgee J.,1019
1159,Luz O.,1021
1160,Pucinelli de Almeida M.,617
1161,Querry S.,620
1162,Rocha D.,1025
1163,Tahiri M.,655
1164,Granollers-Pujol G.,1028
1165,Khaddari H.,1031
1166,Lalami Laaroussi Y.,1035
1167,Vacherot V.,1037
1168,Peric T.,1041
1169,Ciorcila P.,1047
1170,Linzer M.,1048
1171,Vega Hernandez D.,1053
1172,Silva F.F.,662
1173,Rehberg M.,1055
1174,Abel M.,1057
1175,Tavares L.,667
1176,Bellotti R.,1061
1177,Gimeno Valero C.,1066
1178,Brancaccio R.,1069
1179,Prinosil D.,1074
1180,Vaisse M.,1078
1181,Ortega-Olmedo R.,1079
1182,Olivieri G.,692
1183,Mecir M.,850
1184,Michon A.,698
1185,Hernandez-Fernandez J,1083
1186,Ghedin R.,1089
1187,Gigounon G.,1090
1188,Klein T.,1092
1189,Logtens P.,1093
1190,Koning M.,1094
1191,Olejniczak D.,1095
1192,Slabinsky A.,1099
1193,Middelkoop M.,1102
1194,Walter L.,1103
1195,Riba-Madrid P.,1106
1196,Loffhagen G.,1110
1197,van der Merwe I.,1111
1198,Eaton C.,729
1199,Reid M.,1112
1200,Smethurst D.,1113
1201,Fery A.,1119
1202,Levine I.,1122
1203,Roshardt R.,1123
1204,Simonsson F.,1130
1205,Ehrat S.,1131
1206,Andersen J.F.,1133
1207,Washington M.,1134
1208,Mejia N.,1140
1209,Blumberg W.,1141
1210,Spizzirri E.,1142
1211,Chung Y.,1143
1212,Brizzi A.,1144
1213,Sadecky A.,764
1214,Collarini A.,1147
1215,Schiessling T.,1148
1216,Gimeno D.,1149
1217,Grigelis L.,1153
1218,Pasha N.,1154
1219,Trevisan M.,1155
1220,Mertl J.,774
1221,Reinberg E.,1159
1222,Moroni G.,778
1223,Nestor D.,1161
1224,Belic L.,1163
1225,Muster T.,1165
1226,Lopez-Perez E.,1168
1227,Chadaj A.,787
1228,Matkowski M.,1172
1229,Panfil G.,1174
1230,Poljicak M.,1178
1231,Mansouri S.,1179
1232,Clayton A.,1180
1233,Estrella V.,1182
1234,Steckley R.,1185
1235,Smith A.,1186
1236,Sanchez M.,1187
1237,Garanganga T.,1188
1238,Galarneau A.,1189
1239,Ignatik U.,1191
1240,Halebian A.,1194
1241,Bega A.,1196
1242,Riffice S.,1197
1243,Benneteau A.,1198
1244,Bogaerts R.,1199
1245,Kirchheimer S.,1200
1246,McClune M.,1201
1247,Lee D.H.,807
1248,Moreno De Alboran N.,1206
1249,Matsui T.,1208
1250,Renavand N.,814
1251,Chrysochos P.,1213
1252,Mu T.,1215
1253,Lock B.,1217
1254,Gard C.,1218
1255,Wachiramanowong K.,1220
1256,Vasilevski A.,1221
1257,Fidirko N.,1223
1258,Inglot D.,1224
1259,Takeuchi K.,1226
1260,Roumane R.,1228
1261,Zhou Y.,1231
1262,Mo Y.,1232
1263,Scherrer J.C.,822
1264,Mena F.,1243
1265,Deen Heshaam A.,1246
1266,Tyurnev E.,1248
1267,Zhu B.Q.,1250
1268,Yevseyev D.,1258
1269,Terachi T.,842
1270,Wang C.,836
1271,Tiurnev E.,1259
1272,Blockx A.,1261
1273,Chaen T.,1262
1274,Nedovyesov O.,1267
1275,Takahashi Y.,1268
1276,Stoliarov A.,1270
1277,Sekulic M.,1273
1278,Dubrivnyy A.,1277
1279,Avidzba A.,851
1280,Karlovskiy E.,1278
1281,Bailly G.,1279
1282,Cadart R.,1282
